Name,Department,JobTitle,Salary,Age,Bonus
Sierra Scott,Marketing,Marketing Director,199793,58,12800
Lisa Knight,Marketing,SEO Specialist,199704,66,500
Dr. Mark Brown,Engineering,DevOps Engineer,199264,43,5500
Laura Bush,Marketing,Marketing Director,198458,43,4400
Brittany Perez,IT,Network Engineer,198396,28,14600
Melissa Young,Marketing,Marketing Director,198099,53,13400
Jennifer Cortez,IT,Network Engineer,198011,53,17700
Ruth Schmidt,Sales,Sales Executive,197803,23,1700
Elizabeth Klein,IT,Help Desk Technician,197714,55,8300
Michael Garcia,Marketing,SEO Specialist,197684,23,600
Kelly Burnett,IT,Network Engineer,197508,44,4300
David Bradford,Sales,Sales Director,197302,60,10000
Leslie Quinn,Marketing,Content Strategist,197135,60,500
Janet Stevens,HR,Recruiter,196991,42,3900
David Roberts,IT,Help Desk Technician,196881,58,12800
David Fischer,IT,Network Engineer,196855,40,10700
Lori Ramos,HR,HR Manager,196797,66,4300
Charlene House,Sales,Sales Representative,196745,22,11600
Angel Weeks,Marketing,Content Strategist,196522,31,15900
Keith Williams,Engineering,Software Engineer,196494,62,100
Heather Nguyen,Finance,Financial Analyst,196343,47,15800
Kyle Craig,Finance,Accountant,196205,53,13700
Carlos Bailey,HR,Recruiter,196089,44,6700
Brent Avery,IT,Database Administrator,195719,54,3000
Kayla Carr,Engineering,Senior Developer,195677,58,18700
Ana Boyd,Engineering,Frontend Developer,195589,45,6600
Wendy Hayden,Marketing,Marketing Director,195465,31,1800
Natalie Thomas,IT,Database Administrator,195457,34,1900
Daniel Barber,Sales,Sales Director,194928,32,16500
Robert Munoz,IT,Network Engineer,194551,41,11700
Sarah Simpson,HR,Training Specialist,194505,32,15700
Candace Mcmillan,Engineering,CTO,193623,26,14100
Jonathan Reed,Engineering,DevOps Engineer,193534,49,10400
Dana Bullock,Engineering,Backend Developer,193360,39,18800
Danny Blake,HR,Training Specialist,192884,40,7300
Jennifer Barr,Marketing,Content Strategist,192693,61,10600
Kimberly Cruz,HR,Recruiter,192552,69,16000
Paul Nelson,Sales,Sales Director,192464,59,11900
Cindy Young,Marketing,Marketing Director,192232,29,16600
George Zimmerman,Engineering,Frontend Developer,192054,56,11100
Christopher Mckinney,HR,Recruiter,191916,32,13500
John Walker,Marketing,Content Strategist,191837,65,900
Chelsey Harris,Finance,Accountant,191816,66,4400
Brooke Reeves,Marketing,Content Strategist,191805,56,5600
Brian Vaughan,HR,HR Manager,191747,25,1500
Rebecca James,IT,Systems Administrator,191232,29,4500
Whitney Martinez,Finance,Auditor,190843,35,1900
Lisa Huerta,Marketing,SEO Specialist,190681,42,5300
John Thompson,Engineering,QA Engineer,190505,65,12100
Anna Turner,Sales,Business Development,190503,29,7000
Carmen Brown,Finance,CFO,190411,54,7000
Michael Bauer,Finance,Auditor,189954,25,4000
Robert Mullen,Sales,Sales Representative,189949,64,5100
Andrea Becker,HR,HR Manager,189711,43,17800
Edward Hernandez,Marketing,Brand Manager,189533,28,12300
Joseph Fischer,HR,Training Specialist,189532,32,11500
Teresa Sharp,IT,Systems Administrator,189532,49,3200
Stephen Gardner,Sales,Sales Executive,189395,34,13800
Timothy Morales,Finance,Financial Analyst,189301,47,3100
Michael Russo,HR,Training Specialist,188888,48,7200
Lori Browning,IT,Help Desk Technician,188643,66,18700
Darryl Middleton,HR,Training Specialist,188621,29,12100
John Norris,Finance,Financial Analyst,188617,45,10500
Jennifer Brooks,Sales,Account Manager,188397,33,12900
James Frederick,Sales,Sales Executive,188346,41,15900
Tammy Gonzalez,HR,Training Specialist,188293,37,14600
David Johnson,Sales,Sales Director,188275,26,4300
Sherri Massey,HR,Training Specialist,188089,69,600
Jennifer Gutierrez,IT,Help Desk Technician,187935,24,5900
Kathleen Scott,Marketing,Brand Manager,187911,37,5000
Jillian Morton,IT,Database Administrator,187736,28,4000
Michael Delgado,Marketing,Brand Manager,187308,46,17700
Matthew Richards,HR,Recruiter,187069,37,16400
Jeffery Allen,Engineering,QA Engineer,186876,25,5900
Craig Stewart,Finance,Financial Analyst,186552,40,12200
Matthew Boone,Sales,Sales Representative,186145,35,7400
Lisa Ortega,Sales,Account Manager,185829,68,17000
Allen Beard,Sales,Sales Executive,185819,43,8500
Jill Moore,HR,Training Specialist,185609,55,4900
Laura Goodwin,IT,Database Administrator,185527,58,4600
Victor Brennan,IT,Systems Administrator,185332,51,10400
Stephanie Douglas,HR,HR Manager,185149,65,4900
Thomas Benson,Sales,Sales Executive,184747,53,10800
Terry Romero,Sales,Sales Executive,184713,29,16600
John Ramirez,Engineering,DevOps Engineer,184465,59,7400
Marie Cannon,Engineering,CTO,184362,44,4000
Elizabeth Andrews,Finance,CFO,184288,34,18400
Tamara Mitchell,IT,Systems Administrator,183737,55,9400
Christina Webb,Engineering,Backend Developer,183538,35,1700
Jacob Pitts,IT,Systems Administrator,183536,51,900
Valerie Wilson,IT,Network Engineer,183383,54,2000
Frances Scott,Marketing,SEO Specialist,183274,53,11500
Andrew Jones,Sales,Sales Executive,183267,41,14500
Andrea Harper,Finance,Financial Analyst,183018,49,7700
Ryan Boyle,Marketing,Content Strategist,182886,45,1200
Christine Jenkins,Finance,Auditor,182536,55,7000
Pamela Raymond,Engineering,Software Engineer,182425,31,18200
Donna Cox,Marketing,Content Strategist,182094,62,9600
Eugene Shaffer,Marketing,SEO Specialist,182038,54,17700
Justin Obrien,Sales,Sales Director,181919,55,15700
Ms. Ebony Barnes,HR,Benefits Coordinator,181916,67,200
Mark Castaneda,Sales,Account Manager,181874,70,13100
Joshua Cortez MD,IT,Database Administrator,181829,36,12400
Luis Dominguez,HR,HR Manager,181253,63,9700
William Hamilton,Finance,Treasury Analyst,180984,25,4800
Anthony Bradford,Finance,Treasury Analyst,180958,41,11600
Sophia Graham,Sales,Account Manager,180904,23,2000
Jared Lloyd,Engineering,Backend Developer,180814,28,7900
Adam Marshall,Marketing,SEO Specialist,180783,31,8200
Heidi Owens,IT,Systems Administrator,180650,29,17200
Kelly Wilkins,Engineering,Software Engineer,180366,60,15800
Bryan Alexander,Marketing,Content Strategist,179877,66,4700
Joanna Jones,Finance,Accountant,179750,40,9000
Aaron Smith,HR,HR Manager,179566,50,3200
Rodney Gardner,HR,HR Manager,179558,54,16400
Nathan Medina,Finance,Financial Analyst,179547,51,15600
Jack Diaz,IT,Database Administrator,179437,38,5400
Brittany Andrews,Engineering,Backend Developer,179181,33,11400
Lacey Nash,Engineering,Frontend Developer,178984,40,10900
Michael Hart PhD,Marketing,Social Media Manager,178910,34,2700
Stephen Richardson,Marketing,SEO Specialist,178790,35,13600
Richard Harris,IT,Network Engineer,178705,64,9600
John Wilkinson,Finance,Auditor,178600,43,13900
Eric Rogers,Marketing,Content Strategist,178579,26,9500
Rachael Murillo,HR,HR Manager,178416,25,0
William Thompson,Sales,Sales Director,178209,53,5800
Dana Kelly,IT,Help Desk Technician,178146,25,300
Johnny Adams,Finance,Accountant,177858,59,16500
Andrew Williamson,IT,Database Administrator,177841,23,15600
Tiffany Keith,Marketing,Brand Manager,177744,45,14800
Tracy Nielsen,HR,Training Specialist,177595,56,5500
Alejandro Pollard,Marketing,Social Media Manager,177431,23,1000
Kelly Hunter,Engineering,DevOps Engineer,177259,33,15600
Cindy Santos,HR,Benefits Coordinator,177125,57,16800
Kevin Moore,HR,Training Specialist,176915,26,1500
Emily Anderson,HR,Benefits Coordinator,176784,47,8600
Carolyn Lee,HR,Benefits Coordinator,176320,47,1200
Sylvia Hill,Finance,Auditor,176299,63,13400
David Sutton,Sales,Account Manager,176273,51,13500
Jennifer Zhang,IT,Help Desk Technician,176156,45,2300
Benjamin House,Marketing,Social Media Manager,176021,30,8400
Jillian Jenkins,HR,Training Specialist,175684,31,9700
Cassandra Powell,Sales,Sales Executive,175594,23,4700
Michael Garcia,IT,Systems Administrator,175558,42,15300
Gabriel Adams,Finance,Auditor,175472,29,7400
Amy Sherman,Engineering,QA Engineer,175459,32,3700
Michael Carson,IT,Database Administrator,175145,67,9400
Steven Harris,Engineering,Frontend Developer,175137,61,12800
Julie Watkins,Finance,Financial Analyst,174889,63,3500
Jennifer Reed,HR,HR Manager,174480,49,5400
Kenneth Pierce,IT,Network Engineer,174353,58,17400
Marcus Higgins,Marketing,Brand Manager,174093,68,11300
James Wilson,Finance,Treasury Analyst,174072,47,7600
Jonathan Hansen,Sales,Account Manager,173873,26,9000
Jennifer Roach,Marketing,Content Strategist,173667,33,2100
Joshua Sherman,Finance,CFO,173556,51,3900
Carlos Johnston,IT,Database Administrator,173341,36,5900
Latoya Russo,Engineering,CTO,172608,62,10200
Brent Chavez,IT,Help Desk Technician,172517,22,4000
Mary Floyd,IT,Systems Administrator,172480,22,3800
Richard Barber,Marketing,SEO Specialist,172441,39,1200
Caroline Terrell,IT,Systems Administrator,172242,27,10900
Lauren Benton,IT,Help Desk Technician,172074,23,3900
Lisa Andrews,HR,Recruiter,172003,63,15600
Wayne Simmons,IT,Database Administrator,171677,23,14800
Steven Wilson,IT,Database Administrator,171629,56,1200
Eric Miller,IT,Systems Administrator,171582,31,4100
Brenda David,Finance,Treasury Analyst,171460,53,11500
Matthew Snow,Sales,Account Manager,171190,28,3700
Scott Tran,HR,Benefits Coordinator,171147,67,2300
Shannon Jones,HR,Training Specialist,171082,61,16000
Carlos Christian,Engineering,Software Engineer,171044,42,9800
Kathryn Hicks,Sales,Sales Director,170951,50,8100
Christopher Cardenas,Engineering,QA Engineer,170292,62,13400
Miranda Porter,Marketing,Marketing Director,170168,32,13700
Chad Rodriguez,IT,Network Engineer,170043,57,3200
Eric Butler,HR,Training Specialist,170021,27,1600
James Hurley,Engineering,Backend Developer,169162,42,7300
Edward Best,HR,Benefits Coordinator,168722,70,7100
Julia Rogers,IT,Network Engineer,168319,24,7900
Jennifer Phillips,Sales,Sales Representative,168104,29,12300
Renee Owens,Marketing,Brand Manager,167936,35,11300
Melissa Nash,IT,Systems Administrator,167923,36,16500
Steven Hill,Finance,Financial Analyst,167579,23,1600
Christina Lam,Sales,Sales Representative,167407,24,6700
Rachel Carpenter,Finance,Financial Analyst,167340,31,5700
Cristina Wall,Finance,Treasury Analyst,167034,66,14400
Jon Guzman,Engineering,QA Engineer,166931,22,4200
Samuel Cunningham,HR,Training Specialist,166127,67,3200
Elizabeth Murphy,Sales,Business Development,165996,62,7400
Robin Watson,Marketing,Brand Manager,165994,23,7000
Mary Stuart,IT,Database Administrator,165988,25,4600
Kimberly Bailey,Sales,Sales Representative,165930,36,4100
Emily Mcdonald,Sales,Sales Director,165555,43,15300
Ronald Sanchez,HR,Recruiter,165493,49,7300
Christina Cline,HR,Training Specialist,165426,45,14200
Jacqueline Richards,Engineering,Software Engineer,165134,67,9100
Ann Leonard,Engineering,Frontend Developer,164813,59,800
Sandra Evans,Finance,Accountant,164404,46,16400
Kevin Hanson,IT,Database Administrator,164324,26,13700
Sandra Ferguson,Sales,Business Development,164217,65,15900
Thomas Swanson,IT,Systems Administrator,163981,39,15200
Robert Williams,Engineering,QA Engineer,163913,48,13900
Benjamin Baldwin,Engineering,CTO,163856,66,2700
Amy Brown,HR,Training Specialist,163805,22,8000
Mary James,HR,Benefits Coordinator,163609,51,3500
Eric Fitzpatrick,Engineering,Senior Developer,163555,59,6600
Linda Allison,Marketing,Content Strategist,163472,69,1000
Autumn Collins,Finance,Auditor,163358,48,6200
Jordan Lara,Finance,Auditor,163357,46,16100
John Garcia,HR,HR Manager,163113,26,4300
Sharon Ho,Sales,Business Development,163041,38,12800
Melissa Torres,Sales,Business Development,162665,63,7400
William Wilson,HR,Benefits Coordinator,162577,57,6900
Alyssa Ramsey,Sales,Business Development,162569,67,15600
Katrina Bray,Marketing,SEO Specialist,162511,57,16200
Patricia Robinson,HR,Training Specialist,162468,45,9000
Gabrielle Dean,Sales,Sales Representative,162409,60,11700
Kristen Sawyer,Marketing,Brand Manager,162275,42,2500
Amber Hunter,Sales,Sales Director,162267,39,4800
Nicholas Ramos,HR,Training Specialist,162201,63,15700
Janice Owen,IT,Network Engineer,161780,46,9400
Jason Estrada,Sales,Sales Representative,161450,62,8800
Margaret Swanson,Sales,Sales Executive,161371,68,12100
Michael James,Sales,Business Development,161094,57,900
Hector Myers,Engineering,DevOps Engineer,160757,66,9400
Kyle Norton,Finance,CFO,160640,63,8100
Angela Bradley,HR,Recruiter,160490,53,13700
Kyle Boyer,Sales,Business Development,160338,33,2500
Laura Gray,Marketing,Marketing Director,160276,54,15400
Gregory Mccann,Sales,Account Manager,160186,53,1300
John Soto,HR,Recruiter,160059,46,3000
Nicole Williams,Finance,Treasury Analyst,159833,70,9500
Grant Rodriguez,IT,Network Engineer,159824,47,10800
Joseph Wilson,Marketing,Social Media Manager,159766,32,3800
Kevin Burton,Sales,Sales Executive,159711,30,1900
William Kim,Sales,Sales Representative,159322,28,14200
Laurie Brock,Finance,CFO,159005,33,3900
Jessica Shannon,Marketing,Brand Manager,158982,34,9500
Kyle Hughes,IT,Systems Administrator,158489,43,9800
Daniel Wood,HR,HR Manager,158340,31,6600
Steven Johnson,Finance,Financial Analyst,157951,38,9200
Laurie Cuevas,Sales,Sales Executive,157762,37,8200
Jose Bell,IT,Help Desk Technician,157602,47,14700
Joseph Sherman,HR,HR Manager,157415,52,3200
Victoria Mclaughlin,HR,Recruiter,157343,62,11300
Dr. Brenda Harvey,IT,Systems Administrator,156808,46,3700
Christopher Jensen,HR,Recruiter,156497,28,6200
James Golden,Finance,Financial Analyst,156453,22,10500
Anita Howard,IT,Help Desk Technician,156286,64,4700
Renee Wagner,Sales,Sales Director,156098,61,4900
Stephen West,Marketing,Brand Manager,155725,67,11700
Robin Keith,Marketing,Brand Manager,155549,59,1100
Lisa Pierce,HR,Benefits Coordinator,155139,36,7100
Margaret Ray,Sales,Sales Director,154865,48,15500
Christopher Snyder,Finance,Auditor,154559,64,15400
Glenn Smith,Engineering,DevOps Engineer,154025,59,1100
Michael Ward,IT,Help Desk Technician,153958,46,3300
Daniel Sims,Engineering,Senior Developer,153932,23,4100
Susan Lyons,IT,Help Desk Technician,153842,48,14400
Erik Fitzpatrick,Marketing,Brand Manager,153666,38,13500
Shane Smith,Sales,Sales Executive,153583,55,13500
Sheri Walker,Finance,Financial Analyst,153574,60,5700
Jill Thomas,Finance,Financial Analyst,153370,68,2400
Jeffrey Barron,Finance,CFO,153239,34,12800
Christopher Juarez,Finance,CFO,153053,55,10800
Amanda Munoz,Sales,Business Development,152868,68,9400
Marilyn Erickson,Marketing,Content Strategist,152598,48,15100
Frank Hernandez,Finance,Financial Analyst,152383,40,10000
Stephanie Ryan,Marketing,Content Strategist,152309,28,100
Juan Collins,Marketing,SEO Specialist,152215,58,12400
Jacob Mcmahon,Marketing,Content Strategist,152200,29,4600
Cody Roberts,Engineering,QA Engineer,151988,22,10100
Shawn Chavez,Sales,Account Manager,151906,22,14300
April Frye,HR,Training Specialist,151808,63,2000
Jesse Campbell,Finance,Auditor,151654,68,1800
Caleb Hamilton,Sales,Account Manager,151565,52,1600
Adam Newman,IT,Help Desk Technician,151458,46,8400
Victoria Turner,Marketing,Social Media Manager,151368,68,4100
Carlos Crawford,Sales,Account Manager,151094,44,9100
Robert Kennedy,HR,Training Specialist,151030,43,10800
Andrea Berger,Engineering,Senior Developer,150854,63,3100
Stephanie Brown,Finance,CFO,150687,24,9600
Christopher Merritt,IT,Database Administrator,150448,36,4000
Matthew Alvarez,Marketing,Content Strategist,150448,47,7300
Jason Hamilton,Marketing,Content Strategist,150434,51,13600
Chelsea Schneider,HR,Benefits Coordinator,150201,65,12700
Laurie Hernandez,Engineering,Software Engineer,149505,24,1400
Ashlee Perez,Sales,Sales Director,149446,32,6300
Jared Smith,Engineering,Senior Developer,149378,27,4100
Kimberly Morales,Finance,Financial Analyst,149325,22,100
Chad Hogan,Finance,Financial Analyst,149082,57,11500
Maria Berry,Marketing,Marketing Director,149010,26,9500
Jennifer Walter,Marketing,SEO Specialist,148758,66,3900
Thomas Washington,IT,Database Administrator,148701,65,11000
James Boyd,Finance,Accountant,148528,30,8200
Mary Horton,HR,Recruiter,148185,23,6300
Meredith Compton,Engineering,Software Engineer,148181,44,100
Kimberly Wong DVM,Sales,Account Manager,148093,23,1100
David Roberts,HR,HR Manager,147864,34,13100
Anthony Hines,IT,Help Desk Technician,147488,23,13300
Samuel Frazier,IT,Systems Administrator,147391,48,8000
Brenda Hernandez,Finance,CFO,147354,23,12300
Adam Thompson,IT,Systems Administrator,146692,67,8500
Luke Wolfe,Sales,Sales Director,146532,70,2200
Mrs. Kimberly Jones,Engineering,CTO,146489,39,1900
Marcus Guerrero,Sales,Business Development,146156,56,4500
Daniel Morris,Sales,Sales Director,146153,64,13100
Clifford Warner,Finance,Financial Analyst,145920,52,11600
Tonya Hoover,HR,Recruiter,145752,38,12500
Elizabeth Smith,IT,Database Administrator,145443,23,13100
Cheryl Tate,Engineering,Senior Developer,145349,43,3100
Adam Mendoza,IT,Systems Administrator,145161,37,3600
Crystal Nolan,Marketing,Social Media Manager,145144,22,1500
Nicole Turner,Sales,Sales Representative,145063,42,11300
Savannah Smith,Sales,Account Manager,144979,68,12800
Maurice Foster,Marketing,Brand Manager,144537,60,5900
Brittany Mccoy,Engineering,Backend Developer,144426,29,9000
Amy Brown,IT,Database Administrator,144353,22,2200
Edward Massey,Marketing,Content Strategist,144088,60,13400
Marilyn Wood,Engineering,QA Engineer,144027,57,12500
Katrina Gallegos,Sales,Sales Executive,143991,59,14100
Aaron Fisher,IT,Help Desk Technician,143715,68,11700
Elizabeth Johnson,HR,Recruiter,143502,56,12600
Angela Fuller,Engineering,CTO,143477,27,400
Valerie Lawson,HR,Training Specialist,143411,53,10600
Steve Parker,Engineering,Software Engineer,143198,67,4800
David Glover,Marketing,Brand Manager,142542,38,13300
Heather Baldwin,Sales,Account Manager,142351,59,11400
James Rojas,Finance,Financial Analyst,142326,38,12300
Matthew Thomas,Engineering,QA Engineer,142114,29,11500
Christina Townsend,Engineering,Senior Developer,141969,42,3800
Leslie Turner,Sales,Sales Representative,141944,49,11200
Carlos Harris,IT,Systems Administrator,141465,48,1500
Edward Scott,Engineering,Senior Developer,141269,47,12300
Michael Clark,Engineering,DevOps Engineer,141213,65,12100
Alexa Flores,IT,Help Desk Technician,141145,42,3100
Erika Hernandez,Engineering,CTO,141089,36,11500
Adam Ali,IT,Help Desk Technician,140590,23,6500
Daniel Mcpherson,HR,HR Manager,140573,33,4300
Mitchell Herrera,Finance,Treasury Analyst,140551,34,11200
Joshua Pena,Sales,Sales Director,140407,55,3200
Lisa Williams,Sales,Business Development,140128,51,300
Erin Cole,Marketing,Content Strategist,140050,23,2700
Leslie Harvey,Finance,Treasury Analyst,140030,50,4600
Joy Johnson,Finance,Accountant,139839,45,12100
Robin Turner,Marketing,SEO Specialist,139450,38,13500
Jessica Keith,Sales,Sales Representative,139442,32,3900
Jermaine Bennett,HR,Training Specialist,139228,51,8900
Julie Brown,IT,Systems Administrator,138976,35,5600
Malik Horne,Sales,Business Development,138867,47,13600
Donald Cruz,Engineering,Senior Developer,138739,52,7400
Jeffrey Rowe,Marketing,Content Strategist,137955,70,13000
Dustin Thomas,Marketing,SEO Specialist,137822,54,1600
Linda Riggs,Finance,Accountant,137726,37,13400
Angela Pratt,Marketing,Content Strategist,137346,67,2500
Jeremy Willis,HR,HR Manager,137283,56,13200
Gina Dixon,HR,Training Specialist,137156,23,3600
Jay Yang,Sales,Business Development,136592,69,1500
Henry Blake,Finance,Auditor,136354,34,5900
Mandy Wheeler,IT,Network Engineer,136350,32,9900
Heather Rivera,Engineering,Backend Developer,136288,42,4300
Brittany Werner,IT,Systems Administrator,136259,57,8300
Brenda Thomas,Engineering,Senior Developer,136033,41,7000
John Davis DDS,IT,Database Administrator,135814,25,5200
David Smith,Marketing,Content Strategist,135672,48,7800
Sergio Morrison,Finance,Accountant,135333,25,3400
Richard Smith,HR,Recruiter,135258,61,9600
Joshua Atkins,HR,Benefits Coordinator,135180,56,0
Charles Davis,Sales,Sales Executive,135089,25,12500
Billy Parker,Marketing,SEO Specialist,135024,42,7300
Angela Martin,IT,Database Administrator,134988,61,9700
Erin Nunez,Finance,Auditor,134822,40,10000
Barry Hampton DDS,IT,Network Engineer,134731,49,9000
Catherine Peters,HR,HR Manager,134639,56,4900
Daniel Brewer,Engineering,Senior Developer,134480,31,900
Heidi Jimenez,Sales,Sales Director,134411,25,8900
Jason Wilson,Sales,Sales Director,134251,37,4400
Kara Wilson,Engineering,Software Engineer,134067,57,4200
Desiree Williams,Marketing,Social Media Manager,133634,39,11300
Lauren Nguyen,Marketing,Social Media Manager,133611,26,9600
Stephen Riley,Engineering,Software Engineer,133458,62,4000
Robert Small,Sales,Sales Executive,133158,60,4100
Jesse Simmons,Finance,Financial Analyst,132649,45,5400
Charles Williams,Marketing,Social Media Manager,132411,35,5300
Jeff Cummings,IT,Help Desk Technician,132267,22,3900
Christina Gallagher,Marketing,Social Media Manager,132248,56,1700
Ryan Reyes,Sales,Business Development,131715,28,5500
Angela Stephens,HR,HR Manager,131665,44,12400
Mary Steele,Marketing,Brand Manager,131637,39,8900
Colleen Arias,Marketing,Content Strategist,131572,57,11900
Travis Bray,Finance,Accountant,131396,43,8100
Courtney Lewis,Finance,Financial Analyst,131222,45,3900
Richard Smith,Sales,Sales Representative,131024,27,7200
Jennifer Smith,IT,Network Engineer,131004,65,0
Kimberly Acosta,IT,Systems Administrator,130534,53,3700
Elizabeth Williams,HR,Training Specialist,130151,28,5600
Jessica Robles,Sales,Account Manager,129798,61,7500
Kristen Clarke,IT,Systems Administrator,129676,23,8500
Trevor Boyle,Sales,Sales Executive,129540,57,6000
Ryan Levy,HR,HR Manager,129502,50,5700
Teresa Hall,Engineering,CTO,129249,60,2800
Jimmy Jordan,IT,Network Engineer,128877,35,6100
Sherri Thomas,IT,Database Administrator,128855,67,11600
Brenda Shepard,Finance,Accountant,128833,22,10300
Shannon Webb,Marketing,Marketing Director,128598,70,2200
Evan Jacobs,Sales,Sales Director,128188,24,1100
Donald Reese MD,Finance,Financial Analyst,128159,53,6600
Chelsea Estrada,Finance,Treasury Analyst,128159,22,8100
Jeremy Fowler,Engineering,CTO,128141,45,4300
Jerry Cooper,Engineering,DevOps Engineer,128133,41,10500
Savannah Brown,Finance,CFO,128093,38,9600
Robert Green,HR,Benefits Coordinator,127791,35,8600
Joshua Campbell,Finance,Financial Analyst,127485,47,2900
John Johnson,Marketing,Content Strategist,127373,69,2500
Kathleen Dean,IT,Help Desk Technician,127360,35,300
Kevin Booth,Engineering,DevOps Engineer,127204,60,3100
Lisa Davis,Sales,Sales Director,126697,41,6000
Ronald Gill,Sales,Sales Director,126451,59,10700
Marissa Douglas,Marketing,Social Media Manager,126266,47,900
Jamie Wang,Sales,Sales Director,126038,63,5200
Samantha Arellano,IT,Network Engineer,125890,38,7900
Jeffrey Flynn,Engineering,QA Engineer,125417,62,2400
Michael Petty,Finance,Financial Analyst,125379,53,8700
Christine Duncan,Marketing,Content Strategist,125312,38,6200
Sheri Bowman,HR,Training Specialist,125048,39,3100
Kathryn Smith,Marketing,Content Strategist,124866,42,8200
Monica Andrews,Sales,Sales Director,124843,26,100
Samuel Hanson,Marketing,Brand Manager,124556,47,9400
Joshua Carter,Engineering,Senior Developer,124508,37,9600
Victoria Jones,Sales,Sales Representative,124416,55,1300
Jeffrey Collier,HR,Benefits Coordinator,124310,36,5300
Laura Russell,IT,Help Desk Technician,124097,29,2200
Jared Singleton,Marketing,Social Media Manager,124042,44,11900
Jennifer Ross,Marketing,Content Strategist,124000,55,6400
Robin Ferguson,Finance,Treasury Analyst,123781,23,600
Francisco Robinson,IT,Systems Administrator,123316,48,3100
Raymond Delgado,Marketing,Content Strategist,123304,45,10500
Jessica Hudson,HR,Recruiter,123123,27,5600
Lisa Kline,Sales,Account Manager,122912,42,9900
James Hinton,IT,Database Administrator,122813,27,8200
Christopher Bowman,Finance,Financial Analyst,122756,49,12100
Samuel Hernandez,Engineering,Software Engineer,122631,22,7300
Thomas Lee,Finance,Financial Analyst,122611,61,11600
William Reese,HR,Benefits Coordinator,122535,39,10900
Victoria Guzman,IT,Database Administrator,122497,55,7500
Amy Orozco,Sales,Sales Representative,122481,39,8800
Andrea Shields,Finance,Financial Analyst,122251,65,6200
Karen Giles,Marketing,SEO Specialist,122078,61,10100
Leslie Coleman,Sales,Business Development,121795,49,6700
Parker King,IT,Network Engineer,121625,42,10900
Cheryl Nelson,Engineering,Backend Developer,121451,23,9000
Franklin Morrison,Marketing,SEO Specialist,121054,36,5700
Matthew Turner,Finance,Auditor,120930,32,3100
Kimberly Lester,Marketing,Marketing Director,120746,39,3000
Jennifer Phelps,Sales,Sales Executive,120633,25,7700
Sandra Smith,Marketing,Social Media Manager,120552,69,9200
William Cole,HR,Recruiter,119948,40,6300
Tanya Lang,HR,Benefits Coordinator,119698,28,7500
Abigail Martin,Finance,CFO,119407,46,3300
Crystal Perez,IT,Systems Administrator,118827,60,900
Christopher Stanley,Finance,Financial Analyst,118654,43,3400
Michael Johnson,Marketing,Brand Manager,118406,49,3200
Melissa White,IT,Database Administrator,118273,62,3800
Timothy Rodriguez,HR,HR Manager,118071,36,6400
Sheena Palmer,Engineering,Senior Developer,117995,34,1600
Bradley Deleon,HR,Benefits Coordinator,117788,35,2700
Deborah Ross,HR,HR Manager,117664,53,8200
Veronica Patel,Finance,Auditor,117616,39,8300
Maureen Peterson,HR,Training Specialist,117382,69,800
Keith White,Engineering,Senior Developer,116750,32,4800
Sara Bishop,Engineering,Frontend Developer,116632,45,6300
Jennifer Vega,Sales,Sales Representative,116539,64,4800
Jessica Smith,Sales,Account Manager,116492,28,2400
Laura Clark,Sales,Sales Executive,116411,69,4900
Amber Griffith,Engineering,Software Engineer,116363,49,10500
Michelle Hernandez,Finance,Treasury Analyst,116353,56,6800
Emily Johnson,Engineering,Frontend Developer,116012,50,8100
Jennifer Hughes,Finance,CFO,115423,66,9900
Cody Martinez,Engineering,Frontend Developer,115368,25,8800
Chad Davis,IT,Network Engineer,115159,65,4400
Kelly Quinn,HR,Benefits Coordinator,115120,51,100
Megan Smith,Engineering,Senior Developer,115023,65,4000
Kimberly Robinson,HR,HR Manager,114953,24,8700
Michele Castro,Engineering,Senior Developer,114900,53,9800
Michael Chan,Finance,Financial Analyst,114784,27,10900
Amanda Evans,HR,Benefits Coordinator,114300,41,4800
Andrew Williams,Finance,Treasury Analyst,114281,65,8500
Lynn Eaton,HR,Recruiter,113935,37,6200
Robert Park,Finance,CFO,113853,54,6900
Janet Morgan,Marketing,Brand Manager,113730,35,2500
Michael Brown,HR,Benefits Coordinator,113716,51,2500
Janice Brown,HR,Training Specialist,113460,47,4900
Don Hicks,Engineering,QA Engineer,113323,48,300
Terry Carpenter,IT,Network Engineer,113307,48,3800
Gregg Davies,HR,Benefits Coordinator,113286,68,7700
Karen Brown,IT,Help Desk Technician,113198,69,4600
Belinda Greene,Marketing,Social Media Manager,113014,48,1900
Anthony Frazier,HR,Training Specialist,112980,69,5300
Mr. Richard Reilly,Sales,Sales Executive,112694,45,1400
Kyle Johnson,Sales,Business Development,112640,66,7000
David Solomon,Finance,Auditor,112440,31,300
Yvette Moreno,Marketing,Brand Manager,112377,29,4400
Shannon Kelly,Engineering,Backend Developer,112146,59,6300
Ryan Jones,IT,Systems Administrator,112075,56,300
Jeffrey Roberts,Engineering,Backend Developer,111865,41,7200
Mr. Richard James Jr.,Finance,Accountant,111828,58,1500
Terry Pugh,HR,HR Manager,111814,48,5200
Sandra Parrish,Engineering,CTO,111618,58,600
David Zavala,HR,Training Specialist,111312,54,4200
Laura Diaz,HR,Training Specialist,110970,63,2300
Cody Benjamin,Engineering,Senior Developer,110815,55,3600
Amanda Vincent,Finance,CFO,110684,39,8400
Lindsay Ho,Sales,Business Development,110493,44,4200
James Gates,Sales,Sales Director,110206,43,8300
Joan Gonzalez,Engineering,Backend Developer,109839,43,9100
Christopher Wolf,HR,HR Manager,109336,26,2800
Ryan Green,HR,Training Specialist,108966,33,900
Anthony Humphrey,Sales,Business Development,108482,42,200
Johnathan Robertson,HR,Recruiter,108481,24,5900
April Sanders,Marketing,Content Strategist,108242,36,10800
Mr. Randy Webb PhD,HR,Benefits Coordinator,108044,34,3800
Melissa Zimmerman,Sales,Business Development,107949,36,7000
Peggy Riley,Marketing,SEO Specialist,107854,66,8400
Joseph Smith,HR,Training Specialist,107824,48,7000
Jill Harrison,Finance,Accountant,107413,70,8100
Kevin Walker,HR,Recruiter,107152,66,10200
Heather Ruiz,Finance,CFO,106916,45,2100
Justin Odonnell,Engineering,DevOps Engineer,106677,54,200
Nathan Jackson,IT,Network Engineer,106326,61,1600
Sarah Jensen,Marketing,Marketing Director,106298,39,1300
Mrs. Rachel Lamb,Finance,Accountant,105840,32,7100
Kenneth Rodriguez,IT,Database Administrator,105730,45,6000
Melissa Ross,HR,Recruiter,105678,66,2300
Roberta Ramos,HR,Recruiter,105669,30,7400
Joseph Lane,Marketing,Marketing Director,105314,70,8100
Beth Robertson,IT,Systems Administrator,105311,39,1800
Sandra Gonzalez,HR,Recruiter,105257,48,6400
Jane Li,Finance,Accountant,105183,33,7900
Gary Davis,HR,Recruiter,105068,27,1200
Tiffany Perkins,Engineering,Frontend Developer,105032,46,8600
Jeremiah Davis,HR,HR Manager,104855,23,10100
Beth Brewer,IT,Systems Administrator,104763,51,1100
Benjamin Walton,IT,Network Engineer,104758,54,300
Daniel Moyer,Sales,Account Manager,104579,31,3300
Robert French,Sales,Sales Executive,104364,22,7100
Amy Carter,Finance,Accountant,104188,37,10000
Yvonne Gonzales,Marketing,Brand Manager,104078,65,4100
Heather Murphy,Engineering,QA Engineer,103037,52,7400
Russell Stewart,Sales,Business Development,103031,26,800
Ashley Thomas,Finance,CFO,102983,68,7100
Christopher Miles,Marketing,Social Media Manager,102943,44,6500
Greg Morales,Engineering,Software Engineer,102689,58,1000
Billy Rodriguez,Sales,Account Manager,102600,54,7900
David Reyes,Finance,CFO,102496,65,8700
William Shields,Marketing,Social Media Manager,102478,55,6200
Collin Bender,IT,Help Desk Technician,102459,31,1200
Charles Bass,IT,Database Administrator,102320,51,10100
Kyle King,Sales,Account Manager,102257,63,8000
Matthew Bell,IT,Help Desk Technician,102142,35,3500
Cassandra Carroll,Engineering,Senior Developer,101828,62,4400
Dawn Young,IT,Help Desk Technician,101784,48,3800
Jon Knox,Engineering,DevOps Engineer,101678,53,5100
Matthew Johnson,Sales,Account Manager,101629,37,3500
Mary Carson,Sales,Business Development,101610,68,8600
Blake Byrd,Sales,Account Manager,101426,34,8300
Anthony Blair,Sales,Sales Director,101251,32,1100
Lisa Hall,HR,Recruiter,100956,62,9700
Carl Whitehead,Finance,Accountant,100873,29,6400
Stephanie Reed,Finance,Financial Analyst,100862,36,8400
Theresa Powell,Finance,Financial Analyst,100805,26,7100
Michael Marshall,Engineering,CTO,100685,32,4400
William Khan,Finance,Accountant,100481,42,7400
Alan Anderson,Sales,Sales Executive,100326,55,9700
Ariana Roy,HR,HR Manager,100145,43,2700
John Andrews,IT,Network Engineer,99396,35,8000
Lisa Weber,HR,Training Specialist,99335,70,5300
Eric Herrera,Engineering,CTO,99231,65,4800
Paula Harper,IT,Help Desk Technician,99168,35,4300
Tyler Mitchell,IT,Systems Administrator,98629,44,7200
Rebecca Reynolds,IT,Network Engineer,98527,33,2600
Sierra Robinson,Finance,Treasury Analyst,98490,39,8400
Renee Stein,IT,Database Administrator,98399,59,8200
Victoria Carter,Engineering,DevOps Engineer,98387,49,900
Michael Williams Jr.,Finance,Accountant,98195,45,8700
Christopher Rivera,Engineering,QA Engineer,97737,61,2400
Isaac Rodriguez,Finance,Accountant,97554,67,4500
Sarah Tucker,HR,Recruiter,97360,57,5900
Melissa Hill,Engineering,Senior Developer,97327,64,3700
Sherri Martinez,Engineering,DevOps Engineer,97317,40,300
Dana Lindsey,IT,Network Engineer,97245,61,8300
Michael Boyd,HR,Recruiter,97191,51,1800
Renee Robinson,Sales,Business Development,97121,28,2100
James Pearson,Marketing,Brand Manager,97027,42,7700
Steven Anderson,IT,Network Engineer,96884,35,3300
James Pope,HR,Recruiter,96573,44,8500
James Reed,Sales,Sales Representative,96360,64,6800
Justin Perry,Finance,Treasury Analyst,96299,48,2700
Jason Jones,Marketing,Marketing Director,95969,29,100
Christopher Copeland,Engineering,Frontend Developer,95913,69,9100
Gerald Ellis,IT,Help Desk Technician,95372,55,800
Ashley Meyer,Sales,Business Development,95189,64,6900
Lauren Phillips,Engineering,Frontend Developer,94767,61,4600
Melissa Baker,Finance,Auditor,94594,26,7200
Robert Green,Engineering,CTO,94451,67,6500
Timothy Brennan,Marketing,Content Strategist,94284,57,6100
Stephanie Wilson,Engineering,QA Engineer,94280,26,4600
Jodi Turner,HR,HR Manager,94237,31,7500
Madison Vaughn,IT,Help Desk Technician,93867,66,900
Chase Wilson,HR,Recruiter,93728,44,2100
Kristen Baldwin,Sales,Sales Director,93637,26,6500
Rachel Schultz,IT,Help Desk Technician,93251,48,2900
David Myers,IT,Network Engineer,92893,45,5400
Heather Torres,Engineering,DevOps Engineer,92798,59,4400
Jesus Johnston,Engineering,Frontend Developer,92697,24,4900
Michelle Avila,Sales,Sales Executive,92512,45,3900
Deborah Thompson,HR,Training Specialist,92342,55,6900
Deborah Mooney,Marketing,Brand Manager,92277,23,3100
Abigail Johnson,IT,Database Administrator,92002,22,6500
Megan Wilson DDS,Marketing,SEO Specialist,91652,46,2500
Jason Clark DDS,Finance,Financial Analyst,91442,25,2300
Cassidy Pearson,Engineering,DevOps Engineer,91428,32,1100
Charles Morgan,HR,HR Manager,91422,47,1800
Frank Hill,Sales,Sales Representative,91310,24,1100
Jennifer Williams,HR,HR Manager,91276,37,4900
Danny Jimenez,Sales,Account Manager,91208,36,7000
Brian Garza,Sales,Sales Executive,90786,70,1700
Carrie Sharp,IT,Help Desk Technician,90777,52,2000
Rebecca Martin,Engineering,Frontend Developer,90743,69,4400
Jane Lopez,IT,Network Engineer,90724,60,6600
Chad Richardson,Marketing,Brand Manager,90704,55,8900
Ashley Diaz,Finance,Auditor,90684,24,4800
Bradley Fox,Marketing,Social Media Manager,90326,63,2600
Cynthia Andersen,Marketing,SEO Specialist,90108,40,900
Leroy Lopez,Finance,Treasury Analyst,89966,30,1700
Sarah Sanchez DVM,Engineering,Frontend Developer,89963,40,2000
Dawn Matthews,Finance,Accountant,89085,29,1600
Nancy Lopez,Sales,Sales Executive,88569,38,100
Robert Smith,Finance,Treasury Analyst,88255,43,4700
Kenneth Dougherty,Finance,Accountant,88169,62,2400
Jennifer Parker,Engineering,Senior Developer,88159,49,8600
Patricia Cox,Engineering,CTO,88153,29,4900
Tracy Alexander,Sales,Sales Representative,88045,38,6100
Terry Jones,Engineering,Software Engineer,87859,68,1100
Destiny Rodriguez,Marketing,Marketing Director,87512,46,7600
Kenneth Freeman,Marketing,Content Strategist,87351,66,4300
Robert Smith,Marketing,SEO Specialist,87313,63,7600
Frederick Sanchez,Finance,Auditor,87046,29,5000
Christopher Collins,HR,Training Specialist,87003,54,4100
Christopher Wilson,HR,Recruiter,86943,37,3800
Julia Ortiz,IT,Systems Administrator,86907,32,1600
Tracy Vega,Sales,Sales Director,86886,43,400
Kevin Smith,IT,Systems Administrator,86675,58,8200
Jonathan Hendrix,Sales,Sales Director,86452,58,4100
Tammy Haas,Finance,CFO,86289,37,7100
Laurie Carroll,Sales,Sales Representative,86263,60,3500
Michelle Henry,IT,Network Engineer,86056,45,600
Gary Fleming,Marketing,Social Media Manager,86039,22,5400
Franklin Moore,Engineering,CTO,85886,47,500
Richard Crane,HR,Benefits Coordinator,85873,61,1300
Walter Leonard,Engineering,Software Engineer,85761,58,4800
Christopher Parker,Sales,Sales Executive,85572,49,2600
Bill Norman,HR,HR Manager,85564,60,8500
Bradley Vaughn,Finance,Accountant,85500,34,1000
Megan Roman,HR,HR Manager,85332,69,6500
Dominique Moran,HR,Training Specialist,85189,30,5200
Michael Kelley,Finance,Financial Analyst,85085,65,6700
Madison Marshall,IT,Help Desk Technician,84625,65,1900
Amanda Stephenson,IT,Database Administrator,84440,50,4400
Elizabeth Black,Marketing,Brand Manager,84087,29,3800
Joel Scott,Finance,Treasury Analyst,84051,30,3700
Christian Moore,Sales,Sales Representative,84005,54,7200
Rachel Norman,Engineering,QA Engineer,84004,63,8300
Donald Hartman,Finance,Financial Analyst,83998,46,2600
Emma Frazier,Marketing,Brand Manager,83947,56,5200
Angela Sloan,IT,Database Administrator,83881,52,5100
Nicole Harris,Engineering,Frontend Developer,83693,70,6200
Jorge Singh,IT,Database Administrator,83688,52,7900
Joshua Cruz,IT,Database Administrator,83572,37,1700
Lisa Chambers,Engineering,Software Engineer,83262,24,1800
Jennifer Alvarado,Engineering,Senior Developer,83144,66,5500
Sarah Johnson,Engineering,Software Engineer,83092,31,1300
James Gutierrez,IT,Help Desk Technician,83068,66,1400
Philip Thomas,IT,Help Desk Technician,82904,30,600
Danny Yang,Finance,Accountant,82818,40,0
Tanner Morales,Sales,Sales Director,81903,61,3700
Jeff Russell,Marketing,Marketing Director,81756,24,4900
Danny Nguyen,HR,Recruiter,81699,50,2400
Robert Hart,Engineering,Senior Developer,81528,31,1900
Shelby Williams,Sales,Sales Director,81426,60,5800
Betty Martin,Engineering,Backend Developer,81239,62,5700
Dr. Julia Collins,HR,Benefits Coordinator,81100,44,3700
Danielle Diaz,Sales,Business Development,81071,44,5600
Nicole Hernandez,Marketing,Social Media Manager,80617,39,7400
Christopher King,IT,Help Desk Technician,80602,55,6400
Andrew Jones,HR,Training Specialist,80507,34,5000
Breanna Wallace,Sales,Sales Director,80409,38,5300
Mr. Kevin King,Engineering,Senior Developer,80379,22,7500
John Brown,HR,Training Specialist,80240,22,3400
Lisa Jones,IT,Systems Administrator,80181,66,4400
Joshua Myers,HR,Benefits Coordinator,79898,25,5200
Lisa Taylor,Engineering,Frontend Developer,78680,60,7100
Jose Flores,Finance,Auditor,78596,22,6500
Jamie Campbell MD,Marketing,Marketing Director,78379,50,600
Sarah Steele,IT,Network Engineer,78337,23,1300
Jordan Jackson,IT,Systems Administrator,78263,45,2400
Christina Price,HR,Recruiter,78138,24,5900
Beth Harrison,Finance,Accountant,77967,58,4400
Robin Hill,Engineering,Software Engineer,77851,55,2200
Jeffrey Rivera,Sales,Sales Executive,77349,23,1000
Susan Bridges,Engineering,QA Engineer,77114,70,5300
Patricia Mosley,Sales,Account Manager,76933,32,5400
Joseph Henry,Marketing,Social Media Manager,76883,65,7200
Spencer Mcclure,Engineering,Software Engineer,76592,24,3800
Robert Scott,HR,HR Manager,76587,29,3800
Jonathan Gonzales,Engineering,CTO,76316,46,600
Brian Meyers,Engineering,QA Engineer,76313,56,300
Amanda Macdonald,Marketing,Brand Manager,76090,69,3300
Zachary Myers,HR,HR Manager,75391,57,2400
Arthur Schultz,Sales,Sales Representative,75351,64,1900
Kelly Lopez,IT,Database Administrator,75325,28,700
Leslie Cook,Finance,Financial Analyst,75238,60,7200
Kristin White,HR,HR Manager,75071,50,6300
Morgan Horne,Sales,Sales Representative,74954,27,4300
Gregory Cook,IT,Database Administrator,74928,59,7100
Joyce Edwards,Engineering,QA Engineer,74863,39,7500
Julia Howe,HR,Recruiter,74810,27,5000
Stephanie Newman,Engineering,Frontend Developer,74621,57,2000
Christopher Ward,HR,Training Specialist,74462,65,300
John Novak,IT,Database Administrator,74414,28,5600
David Morgan,Finance,Treasury Analyst,74055,49,3500
Jordan Henderson,Sales,Sales Executive,73920,43,4800
Michael Johnson,Finance,CFO,73177,50,6700
Brenda Brown,Marketing,SEO Specialist,73166,26,1300
Troy Anderson,Sales,Sales Representative,73031,65,4300
Michael Hurst,Marketing,SEO Specialist,73027,51,4600
Stephen Reid,Marketing,Social Media Manager,72916,24,3600
Charles Hall,IT,Systems Administrator,72833,23,700
Leah Payne,Marketing,Brand Manager,72443,66,2500
James Osborn,Engineering,Frontend Developer,72418,23,2400
John Young,Sales,Account Manager,72187,60,4800
Nicholas Hunt,IT,Systems Administrator,72078,68,6200
Robert Aguilar,HR,HR Manager,72008,58,2400
Jeffrey Kaufman,Finance,CFO,71865,52,5000
Nicholas Phillips,IT,Network Engineer,71682,36,2100
Cory Jones,Engineering,CTO,71527,49,6800
Amber Barnes,Marketing,SEO Specialist,71388,46,5800
Kim Fritz,Finance,CFO,70935,24,3900
Megan Evans,Engineering,DevOps Engineer,70848,69,3200
Dakota Johnson,Marketing,Content Strategist,70840,49,2200
Robert Edwards,HR,HR Manager,70671,37,2300
Jessica Hampton,Engineering,CTO,70626,31,6900
Erica Lambert,Engineering,Software Engineer,70592,41,2900
Mrs. Brenda Garrett MD,Sales,Business Development,70557,60,3600
William Foster,Finance,Financial Analyst,70482,32,7000
Samantha Hughes,Finance,Auditor,70380,52,4600
Leslie Foster,Sales,Sales Director,70362,66,3800
Stacy Perez,HR,Benefits Coordinator,70351,65,2900
Daniel Malone DDS,Engineering,Software Engineer,70304,28,1300
Joseph Edwards,Finance,Financial Analyst,70275,63,2500
Erin Garner,Finance,Accountant,70152,28,5300
Jessica Rivers,IT,Systems Administrator,69949,46,4400
Nicholas Robinson,Finance,Auditor,69848,69,5300
Annette Edwards,Sales,Sales Director,69521,48,1400
Alexa Collier,IT,Systems Administrator,69448,62,3800
Julie Howard,Engineering,Senior Developer,69418,53,6400
Jeffrey Townsend,Engineering,QA Engineer,68327,67,3000
Kelsey Smith,Engineering,Software Engineer,68289,34,4800
Sharon Woodard,Marketing,Marketing Director,68283,33,800
Steven Harvey,Marketing,Marketing Director,68106,50,6600
Lisa Boone,Marketing,Brand Manager,68009,27,4100
Caleb Townsend,Engineering,Frontend Developer,67832,44,1600
Brittany Obrien,IT,Network Engineer,67786,41,1100
Lisa Moreno,Marketing,SEO Specialist,67699,45,3700
Tyrone Davis,Sales,Sales Representative,67583,56,3700
Christine Clark,Engineering,QA Engineer,67210,35,600
Michelle Montoya,Marketing,Brand Manager,67077,44,6700
Amy Davis,HR,HR Manager,66961,48,6100
James Parker,Engineering,Backend Developer,66441,22,3100
Brian Salazar,Sales,Sales Director,65825,70,800
Meghan Cohen,IT,Network Engineer,65660,37,5500
Teresa Taylor,Engineering,Software Engineer,65481,59,3300
Richard Walton,HR,Training Specialist,65388,35,4700
Rebecca Roach,Sales,Sales Director,65271,46,3300
Timothy Vega,Finance,Financial Analyst,65143,63,1800
Crystal Santiago,Finance,Auditor,64732,50,5400
Mrs. Kayla Alvarez MD,HR,Recruiter,64708,64,6300
Jeremy Miller,HR,Benefits Coordinator,64657,25,1600
Zachary Ross,Marketing,SEO Specialist,64248,65,3500
Alicia Jones,IT,Database Administrator,64221,27,2500
Amy Ramirez,Finance,Auditor,63925,37,5900
Melissa Rodriguez,Sales,Account Manager,63872,52,3200
Sheri Boone,Finance,CFO,63837,45,5600
Jeremiah Davenport,Finance,Treasury Analyst,63722,63,5500
Bonnie Glass,Engineering,DevOps Engineer,63677,60,1800
Tristan Lopez,HR,Training Specialist,63542,48,5000
Kimberly Duncan,IT,Database Administrator,63518,46,2600
Timothy Butler,Marketing,SEO Specialist,63014,53,5900
Joshua Lyons,Sales,Sales Director,62972,63,3200
Dr. Michelle Castro,HR,Training Specialist,62915,65,5200
Holly Harris,Marketing,Content Strategist,62892,69,1800
Christopher Smith,Engineering,DevOps Engineer,62620,61,1900
Ms. Tonya Miller,Sales,Business Development,62540,39,3700
Mr. Joseph Smith,HR,HR Manager,62369,45,6200
Marissa Williams,Sales,Business Development,62144,40,3000
Jonathan Santos,Marketing,SEO Specialist,61837,67,900
Thomas Mccormick,IT,Help Desk Technician,61813,22,3300
Taylor Phillips,Marketing,Brand Manager,61738,41,2100
Stephen Anthony,HR,Recruiter,61406,46,3400
Teresa Ellis,Finance,Auditor,61394,61,3300
Bruce Hernandez,Sales,Account Manager,61307,36,2800
Steven Benson,Marketing,Marketing Director,61228,32,2000
Lisa Jennings,Sales,Account Manager,61157,31,1200
Matthew Elliott,Engineering,QA Engineer,61068,36,4300
Eric Foster,IT,Help Desk Technician,60966,28,3500
Michael Brown,Marketing,SEO Specialist,60822,45,1400
Debra Ray,Marketing,SEO Specialist,60791,52,4700
Sabrina Banks,Finance,Auditor,60758,56,300
Chloe Castillo,Sales,Sales Director,60709,46,4500
Leah Lee,IT,Network Engineer,60593,66,4300
Isaiah Dean,Engineering,Frontend Developer,59864,22,4900
Gabrielle Roth,Engineering,CTO,59563,35,2300
Jacob Mckenzie,IT,Database Administrator,59521,66,4000
Cindy Stone,IT,Help Desk Technician,59460,22,4900
Nicole Jacobson,HR,HR Manager,59294,57,5800
Julia Schneider,Finance,CFO,59284,67,2900
Dominic Anderson,Engineering,DevOps Engineer,58933,35,200
Robyn Ross,Engineering,QA Engineer,58900,31,3000
Christopher Gates,Finance,Financial Analyst,58887,33,3500
Shannon Frye,IT,Network Engineer,58845,61,5100
Kristen Lee,Marketing,Marketing Director,58535,23,5100
Monica Miller,Marketing,Content Strategist,58202,41,2600
Joel Gibson,Sales,Sales Representative,58050,48,3100
Erik Stevens,IT,Network Engineer,57981,26,2600
Daniel West,Engineering,Frontend Developer,57953,30,4200
Robert Smith,Finance,Accountant,57895,47,2400
Sandra Fowler,Sales,Sales Executive,57760,36,3800
Kylie Webb,Engineering,Software Engineer,57736,70,900
Mrs. Lynn Lucas MD,IT,Systems Administrator,57617,49,2700
Derek Johnson,IT,Systems Administrator,57586,59,5600
David Hall,Marketing,Brand Manager,57554,43,1900
Joy Salinas,Sales,Account Manager,57496,23,4000
Brian Castro,HR,HR Manager,56865,58,3700
Mary Robertson,Marketing,Marketing Director,56757,65,4800
Cole Rose,HR,Training Specialist,56671,41,4800
Patrick Heath MD,HR,Recruiter,56645,45,4900
Miss Mary Alvarez,IT,Network Engineer,56524,55,2100
Michelle Hill,Engineering,Senior Developer,56225,30,1800
Dennis Thomas,HR,HR Manager,56221,49,4000
Stephen Mitchell,Engineering,QA Engineer,56160,53,4300
Kimberly Martin,IT,Network Engineer,55872,23,4900
Tony Young,IT,Help Desk Technician,55857,48,200
Christopher Hunter,IT,Database Administrator,55674,70,400
Dr. Travis Henson,Engineering,QA Engineer,55444,46,3500
Ashley Bell,IT,Network Engineer,55293,26,5100
Matthew Mitchell,Engineering,Backend Developer,55116,37,5500
Amy Leonard,Engineering,DevOps Engineer,54960,38,4100
Joshua Martin,Marketing,SEO Specialist,54616,60,2400
Amanda Davis,Finance,Accountant,54377,32,500
David Wilkerson,Sales,Sales Executive,54352,43,3400
Brandon Herring,IT,Systems Administrator,54325,66,4700
Brandon Kelley,Marketing,SEO Specialist,54311,32,2400
Ryan Richardson,HR,Benefits Coordinator,53778,26,3700
Justin Hancock,HR,HR Manager,53643,60,4800
Sharon Hopkins,HR,Recruiter,53640,23,200
Regina Becker,Engineering,CTO,53510,69,4300
Tracy Flores,Finance,Financial Analyst,53411,24,1600
Chad Rhodes,IT,Help Desk Technician,53382,27,2000
Lee Harris,HR,Recruiter,52688,52,800
Sarah Miller,Finance,Auditor,52657,64,2800
Michelle White,Sales,Account Manager,52559,62,3000
Kathleen Pittman,IT,Database Administrator,52520,35,4200
Jessica Phillips,Finance,Accountant,52469,35,900
Rebecca Fuller,Sales,Sales Executive,51898,26,400
Monica Jordan,IT,Database Administrator,51854,22,4500
Leah Anderson,Marketing,Marketing Director,51674,29,3200
Cindy Ramirez,Marketing,Brand Manager,51524,41,1200
Steven White,HR,Recruiter,51330,48,4700
Kara Moreno,Engineering,CTO,50729,48,700
Richard Chen,Marketing,SEO Specialist,50144,45,2300
Jason Martinez,Finance,Financial Analyst,50067,65,1300
Tyler Elliott,Finance,Financial Analyst,49675,44,1300
Elizabeth Foley,HR,Benefits Coordinator,49663,33,0
Kimberly Morgan,Engineering,Frontend Developer,49374,50,4000
Robert Medina,IT,Help Desk Technician,49003,39,4400
Kyle James,HR,Benefits Coordinator,48792,37,3300
John Goodman,IT,Help Desk Technician,48718,44,800
Jenna Meyers,HR,HR Manager,48280,23,2100
Amber Brown,IT,Database Administrator,48111,69,1700
Jacqueline Brown,HR,Recruiter,48062,51,2800
Michelle Cook,HR,Recruiter,48027,37,3100
Michelle Perez,Sales,Sales Executive,47875,69,2000
Noah Boyle,HR,Training Specialist,47198,66,1200
Kristen Goodman,HR,Training Specialist,47078,69,4000
Sherri Murphy,HR,HR Manager,47013,57,900
Ashley Carter,Engineering,Senior Developer,46674,65,1800
Crystal Cardenas,Sales,Business Development,46662,31,2300
Christina Young,IT,Systems Administrator,46336,27,1100
Autumn Thompson,Marketing,SEO Specialist,46010,30,2600
Matthew Richards,Engineering,Backend Developer,45980,50,2600
Gail Rios,Engineering,CTO,45715,68,4500
John Rodriguez,Finance,Auditor,45581,63,1300
Michael Barker,Marketing,Social Media Manager,45448,36,4400
Judith Shaw,Marketing,Marketing Director,45429,44,3000
Kenneth Wiley,Sales,Account Manager,45424,51,1200
Cynthia Anderson,Finance,Financial Analyst,45389,51,2600
Travis Jones,HR,HR Manager,45292,43,3100
Benjamin Sherman,Sales,Business Development,44844,54,3300
William Garza,IT,Systems Administrator,44630,35,200
Lynn Gross,Marketing,SEO Specialist,44546,35,2700
Austin Smith,Marketing,Social Media Manager,44472,38,2200
Jennifer Kelly,Marketing,SEO Specialist,44408,25,4000
Jennifer Franco,HR,HR Manager,44377,31,1300
Tammy Saunders,Finance,Auditor,44366,44,3500
Brittany Rodriguez,Finance,Financial Analyst,44327,27,2700
Travis Gross,Engineering,Software Engineer,44097,70,1600
Michael Simpson,HR,HR Manager,44033,63,2800
Vickie Sheppard,IT,Systems Administrator,43752,61,2700
Gabriela Williams,Finance,Financial Analyst,43497,64,2900
Christopher Watts,Sales,Business Development,43105,43,3100
Daniel Lester,Engineering,QA Engineer,43075,41,2800
Robert Roberts,HR,Recruiter,42983,36,3600
Samuel Mcpherson,Finance,Financial Analyst,42849,65,2700
Christopher Cochran,Sales,Sales Director,42807,49,3900
Annette Lee,Engineering,DevOps Engineer,42560,50,2800
Megan Thompson,Finance,Financial Analyst,42032,63,1300
Paul Macdonald,IT,Help Desk Technician,41684,33,1800
Thomas Jackson,Sales,Business Development,41609,61,2400
Michelle Vega,Engineering,QA Engineer,41454,50,3000
Karen Fields,Sales,Sales Representative,41211,51,400
Shannon Ortiz,Finance,Accountant,41067,51,1200
Amy Moreno,IT,Database Administrator,40809,53,3100
Brandi Browning,Engineering,Backend Developer,40685,61,700
Lynn Mason,IT,Systems Administrator,40612,66,500
Kayla Dixon,IT,Database Administrator,40599,67,2200
Jay Romero,Sales,Sales Executive,40567,65,3900
Diana Sanders,HR,Recruiter,40552,46,2200
Mark Miller,Marketing,Brand Manager,40506,67,3700
Ryan Johnson,IT,Help Desk Technician,40481,46,3400
Timothy Strickland,Finance,Financial Analyst,40446,35,1000
Amber Jefferson,IT,Help Desk Technician,40278,30,3300
David Roberts,IT,Help Desk Technician,39935,46,1900
Tyler Lopez,HR,Benefits Coordinator,39808,48,3200
Dylan Pope,HR,Recruiter,39306,63,2900
Michael Berry,Engineering,DevOps Engineer,39077,68,1300
Rachel Taylor,Sales,Sales Director,38925,24,400
Stephen Harris,IT,Systems Administrator,38779,29,3700
William Rivera,Marketing,Brand Manager,38739,49,500
Deanna Taylor,Engineering,QA Engineer,38590,39,3700
Melissa Lang,Engineering,Senior Developer,38335,50,3300
Lance Ryan,Marketing,Brand Manager,38160,50,2800
Michael Moran,IT,Systems Administrator,38036,25,3700
Mrs. Shannon Gray,Sales,Business Development,37999,58,3700
Andrew Miranda,Sales,Sales Executive,37709,24,3000
Michael Williams,Sales,Sales Director,37472,22,1400
Terri Alvarado,Marketing,Marketing Director,37243,47,2900
Dalton Deleon,IT,Database Administrator,36965,38,100
Caitlin Cooley,Engineering,Frontend Developer,36929,24,2000
Elizabeth Snyder,Sales,Sales Representative,36893,53,1700
Rhonda Blackburn,Sales,Sales Director,36446,46,2500
Jacqueline Moore,Engineering,Backend Developer,36441,42,2500
Michelle Merritt,Marketing,Content Strategist,36355,45,2100
Doris Michael,Finance,Accountant,36071,41,3000
Julie Patel,Finance,Auditor,35971,24,3400
Kristin Brown,Finance,Treasury Analyst,35812,60,400
Gabrielle Mcgee,Engineering,DevOps Engineer,35772,44,800
Robert Valencia,Sales,Business Development,35635,30,100
Dr. Connie Alvarez,IT,Systems Administrator,35378,59,3100
Kristen Johnson,Engineering,Backend Developer,35165,45,2000
Lisa Perez,Finance,Treasury Analyst,34990,45,3200
Paula Johnson,Marketing,Brand Manager,34982,38,800
Eric Jones,Sales,Sales Executive,34868,45,200
Brian Ellis,IT,Systems Administrator,34820,45,2900
Crystal Gutierrez,Engineering,CTO,34731,60,3200
Doris Rice,Engineering,Backend Developer,34621,56,1000
Marie Tapia,HR,Benefits Coordinator,34383,28,1400
Ronnie Miller,IT,Help Desk Technician,34198,61,500
David Ramirez,Sales,Sales Executive,34100,46,3200
Rebecca Williams,HR,HR Manager,33559,40,1000
Donna Kaufman,Finance,Treasury Analyst,33474,42,1600
Brian Ayala,IT,Network Engineer,33418,68,300
Janet Cross,Sales,Sales Representative,33215,27,2900
Tracy York,IT,Network Engineer,32971,63,400
Michael Stokes,IT,Network Engineer,32971,69,1500
Robert Johnson,Engineering,CTO,32481,48,2200
Eric Gonzales,Engineering,DevOps Engineer,32441,51,2400
Robert Guerra,IT,Systems Administrator,32130,24,3000
Emily Stanley,HR,Recruiter,32041,50,1300
Eugene Richardson,Finance,Accountant,31647,53,2300
Tabitha Sullivan,Finance,CFO,31592,68,500
Seth Johnson,Engineering,QA Engineer,31486,48,1300
Travis Frey,Marketing,SEO Specialist,31199,43,300
Nicole Leblanc,IT,Database Administrator,31148,31,1500
Elizabeth Smith,Marketing,Marketing Director,30845,60,1300
Melanie Sanchez,Finance,Auditor,30686,53,2900
Emily Chapman,Finance,CFO,30644,32,100
Hunter Cook,Sales,Sales Representative,30498,67,1100
Christopher Munoz,Engineering,CTO,30399,32,1300
Jacqueline Nelson,IT,Systems Administrator,30348,70,2900
John Osborn,HR,HR Manager,30301,59,2600
